hours,tasks,mood,stress,sleep,distraction,burnout_score,efficiency
5,3,3,2,5,3,15.5,0.6
6,3,2,2,5,3,17.5,0.5
6,3,2,2,7,3,14.5,0.5
9,2,5,2,1,1,15.5,0.2222222222222222
9,5,3,2,8,2,10.0,0.5555555555555556
4,3,2,3,6,1,16.0,0.75
5,2,2,4,6,2,19.0,0.4
